/*
Navicat MySQL Data Transfer

Source Server         : localhost_3306
Source Server Version : 50553
Source Host           : localhost:3306
Source Database       : phpcj

Target Server Type    : MYSQL
Target Server Version : 50553
File Encoding         : 65001

Date: 2018-03-07 14:40:00
*/

SET FOREIGN_KEY_CHECKS=0;

-- ----------------------------
-- Table structure for `c2011_1111`
-- ----------------------------
DROP TABLE IF EXISTS `c2011_1111`;
CREATE TABLE `c2011_1111` (
  `年名` int(3) DEFAULT NULL,
  `班名` int(3) DEFAULT NULL,
  `姓名` varchar(8) NOT NULL,
  `班级` varchar(5) NOT NULL,
  `语文` float DEFAULT NULL,
  `语排` int(3) DEFAULT NULL,
  `语序` int(3) DEFAULT NULL,
  `数学` float DEFAULT NULL,
  `数排` int(3) DEFAULT NULL,
  `数序` int(3) DEFAULT NULL,
  `英语` float DEFAULT NULL,
  `英排` int(3) DEFAULT NULL,
  `英序` int(3) DEFAULT NULL,
  `生物` float DEFAULT NULL,
  `生排` int(3) DEFAULT NULL,
  `生序` int(3) DEFAULT NULL,
  `历史` float DEFAULT NULL,
  `历排` int(3) DEFAULT NULL,
  `历序` int(3) DEFAULT NULL,
  `地理` float DEFAULT NULL,
  `地排` int(3) DEFAULT NULL,
  `地序` int(3) DEFAULT NULL,
  `政治` float DEFAULT NULL,
  `政排` int(3) DEFAULT NULL,
  `政序` int(3) DEFAULT NULL,
  `总分` float DEFAULT NULL
) ENGINE=MyISAM DEFAULT CHARSET=utf8;

-- ----------------------------
-- Records of c2011_1111
-- ----------------------------
INSERT INTO `c2011_1111` VALUES ('1', '1', '张昊', '1', '85', '2', '2', '97', '6', '4', '100', '1', '1', '100', '1', '1', '92', '2', '1', '98', '1', '1', '96', '6', '5', '668');
INSERT INTO `c2011_1111` VALUES ('2', '2', '李子含', '1', '85.5', '1', '1', '96', '10', '7', '96', '14', '10', '100', '1', '1', '92', '2', '1', '97', '5', '4', '98', '2', '2', '664.5');
INSERT INTO `c2011_1111` VALUES ('3', '1', '马坤', '2', '84.5', '3', '1', '90', '19', '9', '98', '7', '1', '100', '1', '1', '93', '1', '1', '93', '12', '3', '96', '6', '2', '654.5');
INSERT INTO `c2011_1111` VALUES ('4', '3', '李璐', '1', '80', '8', '4', '92', '16', '8', '99', '2', '2', '98', '10', '7', '88', '8', '6', '98', '1', '1', '99', '1', '1', '654');
INSERT INTO `c2011_1111` VALUES ('5', '4', '张晓茹', '1', '79', '10', '5', '90', '19', '11', '99', '2', '2', '100', '1', '1', '91', '4', '3', '95', '8', '7', '96', '6', '5', '650');
INSERT INTO `c2011_1111` VALUES ('6', '5', '徐嘉', '1', '75', '20', '11', '100', '1', '1', '99', '2', '2', '100', '1', '1', '85', '12', '8', '96', '7', '6', '94', '15', '9', '649');
INSERT INTO `c2011_1111` VALUES ('7', '6', '张云鹏', '1', '76.6', '15', '7', '97', '6', '4', '98', '7', '7', '99', '7', '5', '90', '6', '5', '94', '10', '8', '94', '15', '9', '648.6');
INSERT INTO `c2011_1111` VALUES ('8', '7', '梁娟', '1', '79', '10', '5', '98', '4', '2', '99', '2', '2', '97', '15', '10', '91', '4', '3', '88', '20', '11', '95', '12', '8', '647');
INSERT INTO `c2011_1111` VALUES ('9', '2', '李旭', '2', '83', '4', '2', '95', '12', '5', '95', '17', '7', '98', '10', '4', '87', '10', '3', '91', '15', '6', '96', '6', '2', '645');
INSERT INTO `c2011_1111` VALUES ('10', '8', '李想新', '1', '75.5', '18', '9', '98', '4', '2', '98', '7', '7', '97', '15', '10', '82', '16', '10', '97', '5', '4', '96', '6', '5', '643.5');
INSERT INTO `c2011_1111` VALUES ('10', '3', '陆晓婧', '2', '78.5', '13', '7', '97', '6', '3', '96', '14', '5', '96', '17', '6', '84', '13', '5', '98', '1', '1', '94', '15', '7', '643.5');
INSERT INTO `c2011_1111` VALUES ('12', '4', '吴琳', '2', '82', '6', '3', '95', '12', '5', '97', '12', '4', '96', '17', '6', '86', '11', '4', '90', '17', '8', '95', '12', '5', '641');
INSERT INTO `c2011_1111` VALUES ('12', '9', '张骏宇', '1', '76', '16', '8', '92', '16', '8', '99', '2', '2', '98', '10', '7', '80', '19', '11', '98', '1', '1', '98', '2', '2', '641');
INSERT INTO `c2011_1111` VALUES ('14', '5', '马潇潇', '2', '76', '16', '9', '100', '1', '1', '95', '17', '7', '98', '10', '4', '82', '16', '7', '95', '8', '2', '94', '15', '7', '640');
INSERT INTO `c2011_1111` VALUES ('15', '6', '贾伟泽', '2', '80.5', '7', '4', '94', '14', '7', '98', '7', '1', '99', '7', '3', '79', '20', '9', '92', '14', '5', '97', '4', '1', '639.5');
INSERT INTO `c2011_1111` VALUES ('16', '10', '李晨', '1', '83', '4', '3', '97', '6', '4', '97', '12', '9', '98', '10', '7', '83', '15', '9', '89', '18', '10', '92', '19', '11', '639');
INSERT INTO `c2011_1111` VALUES ('17', '11', '海涛', '1', '75.5', '18', '9', '92', '16', '8', '93', '19', '11', '99', '7', '5', '88', '8', '6', '94', '10', '8', '97', '4', '4', '638.5');
INSERT INTO `c2011_1111` VALUES ('18', '7', '宋晓轩', '2', '77', '14', '8', '100', '1', '1', '98', '7', '1', '94', '19', '8', '84', '13', '5', '89', '18', '9', '96', '6', '2', '638');
INSERT INTO `c2011_1111` VALUES ('19', '8', '腾悦', '2', '80', '8', '5', '96', '10', '4', '96', '14', '5', '100', '1', '1', '82', '16', '7', '91', '15', '6', '92', '19', '9', '637');
INSERT INTO `c2011_1111` VALUES ('20', '9', '王霄', '2', '79', '10', '6', '94', '14', '7', '90', '20', '9', '94', '19', '8', '90', '6', '2', '93', '12', '3', '95', '12', '5', '635');

-- ----------------------------
-- Table structure for `c2011_1201`
-- ----------------------------
DROP TABLE IF EXISTS `c2011_1201`;
CREATE TABLE `c2011_1201` (
  `年名` int(3) DEFAULT NULL,
  `年变` int(3) NOT NULL,
  `班名` int(3) DEFAULT NULL,
  `班变` int(3) NOT NULL,
  `姓名` varchar(8) NOT NULL,
  `班级` varchar(5) NOT NULL,
  `语文` float DEFAULT NULL,
  `语排` int(3) DEFAULT NULL,
  `语序` int(3) DEFAULT NULL,
  `数学` float DEFAULT NULL,
  `数排` int(3) DEFAULT NULL,
  `数序` int(3) DEFAULT NULL,
  `英语` float DEFAULT NULL,
  `英排` int(3) DEFAULT NULL,
  `英序` int(3) DEFAULT NULL,
  `生物` float DEFAULT NULL,
  `生排` int(3) DEFAULT NULL,
  `生序` int(3) DEFAULT NULL,
  `历史` float DEFAULT NULL,
  `历排` int(3) DEFAULT NULL,
  `历序` int(3) DEFAULT NULL,
  `地理` float DEFAULT NULL,
  `地排` int(3) DEFAULT NULL,
  `地序` int(3) DEFAULT NULL,
  `政治` float DEFAULT NULL,
  `政排` int(3) DEFAULT NULL,
  `政序` int(3) DEFAULT NULL,
  `总分` float DEFAULT NULL
) ENGINE=MyISAM DEFAULT CHARSET=utf8;

-- ----------------------------
-- Records of c2011_1201
-- ----------------------------
INSERT INTO `c2011_1201` VALUES ('1', '1', '1', '1', '李子含', '1', '76.5', '14', '6', '98', '3', '2', '100', '1', '1', '100', '1', '1', '93', '5', '5', '100', '1', '1', '93', '3', '2', '660.5');
INSERT INTO `c2011_1201` VALUES ('2', '1', '1', '0', '马坤', '2', '77.5', '11', '7', '99', '2', '1', '96', '12', '7', '99', '2', '1', '92', '8', '2', '97', '4', '3', '93', '3', '2', '653.5');
INSERT INTO `c2011_1201` VALUES ('3', '-2', '2', '-1', '张昊', '1', '76.5', '14', '6', '97', '5', '3', '97', '8', '4', '97', '3', '2', '95', '3', '3', '94', '16', '7', '91', '6', '4', '647.5');
INSERT INTO `c2011_1201` VALUES ('4', '0', '3', '0', '李璐', '1', '76.5', '14', '6', '92', '16', '10', '98', '4', '2', '93', '9', '5', '96', '1', '1', '95', '13', '6', '95', '1', '1', '645.5');
INSERT INTO `c2011_1201` VALUES ('5', '2', '4', '2', '张云鹏', '1', '78.5', '10', '4', '95', '10', '8', '94', '16', '7', '96', '5', '3', '94', '4', '4', '96', '9', '4', '91', '6', '4', '644.5');
INSERT INTO `c2011_1201` VALUES ('5', '13', '2', '5', '宋晓轩', '2', '79.5', '9', '6', '92', '16', '7', '98', '4', '3', '97', '3', '2', '93', '5', '1', '98', '2', '1', '87', '14', '4', '644.5');
INSERT INTO `c2011_1201` VALUES ('7', '-2', '5', '-1', '张晓茹', '1', '80', '6', '2', '97', '5', '3', '98', '4', '2', '89', '13', '6', '91', '11', '9', '92', '19', '10', '93', '3', '2', '640');
INSERT INTO `c2011_1201` VALUES ('8', '0', '6', '1', '梁娟', '1', '77', '12', '5', '100', '1', '1', '94', '16', '7', '95', '6', '4', '91', '11', '9', '92', '19', '10', '89', '10', '7', '638');
INSERT INTO `c2011_1201` VALUES ('9', '1', '3', '0', '陆晓婧', '2', '73', '18', '9', '91', '19', '9', '97', '8', '5', '95', '6', '3', '90', '13', '3', '95', '13', '8', '95', '1', '1', '636');
INSERT INTO `c2011_1201` VALUES ('10', '-4', '7', '-2', '徐嘉', '1', '80.5', '5', '1', '97', '5', '3', '94', '16', '7', '89', '13', '6', '92', '8', '7', '93', '18', '9', '89', '10', '7', '634.5');
INSERT INTO `c2011_1201` VALUES ('11', '1', '4', '0', '吴琳', '2', '81.5', '4', '4', '93', '13', '5', '99', '2', '1', '94', '8', '4', '84', '15', '5', '95', '13', '8', '85', '15', '5', '631.5');
INSERT INTO `c2011_1201` VALUES ('12', '2', '5', '0', '马潇潇', '2', '77', '12', '8', '98', '3', '2', '98', '4', '3', '91', '11', '6', '80', '19', '8', '96', '9', '6', '90', '8', '3', '630');
INSERT INTO `c2011_1201` VALUES ('13', '2', '6', '0', '贾伟泽', '2', '82.5', '2', '2', '93', '13', '5', '99', '2', '1', '93', '9', '5', '80', '19', '8', '97', '4', '3', '85', '15', '5', '629.5');
INSERT INTO `c2011_1201` VALUES ('14', '3', '8', '3', '海涛', '1', '74', '17', '9', '93', '13', '9', '95', '14', '6', '87', '17', '10', '96', '1', '1', '94', '16', '7', '89', '10', '7', '628');
INSERT INTO `c2011_1201` VALUES ('15', '-6', '7', '-5', '李旭', '2', '83', '1', '1', '92', '16', '7', '95', '14', '9', '90', '12', '7', '84', '15', '5', '98', '2', '1', '83', '18', '8', '625');
INSERT INTO `c2011_1201` VALUES ('16', '-4', '9', '0', '张骏宇', '1', '72.5', '19', '10', '97', '5', '3', '97', '8', '4', '88', '16', '9', '82', '18', '11', '97', '4', '2', '89', '10', '7', '622.5');
INSERT INTO `c2011_1201` VALUES ('17', '-7', '10', '-2', '李想新', '1', '80', '6', '2', '85', '20', '11', '94', '16', '7', '85', '19', '11', '92', '8', '7', '96', '9', '4', '90', '8', '6', '622');
INSERT INTO `c2011_1201` VALUES ('18', '1', '8', '0', '腾悦', '2', '80', '6', '5', '94', '11', '3', '96', '12', '7', '81', '20', '9', '88', '14', '4', '97', '4', '3', '85', '15', '5', '621');
INSERT INTO `c2011_1201` VALUES ('19', '1', '9', '0', '王霄', '2', '82', '3', '3', '94', '11', '3', '97', '8', '5', '87', '17', '8', '83', '17', '7', '96', '9', '6', '81', '19', '9', '620');
INSERT INTO `c2011_1201` VALUES ('20', '-4', '11', '-1', '李晨', '1', '68.5', '20', '11', '97', '5', '3', '94', '16', '7', '89', '13', '6', '93', '5', '5', '97', '4', '2', '80', '20', '11', '618.5');

-- ----------------------------
-- Table structure for `cj_config`
-- ----------------------------
DROP TABLE IF EXISTS `cj_config`;
CREATE TABLE `cj_config` (
  `cj_schoolname` varchar(50) NOT NULL,
  `cj_schoolweb` varchar(50) NOT NULL,
  `cj_login` tinyint(1) NOT NULL,
  `cj_year` varchar(10) NOT NULL,
  `cj_term` tinyint(1) NOT NULL,
  `cj_gradename` varchar(100) NOT NULL,
  `cj_testname` varchar(100) NOT NULL,
  `cj_itemmore` varchar(100) NOT NULL,
  `cj_item` varchar(100) NOT NULL,
  `cj_level` varchar(20) NOT NULL,
  `cj_chengji` varchar(20) NOT NULL,
  `cj_subject` varchar(50) NOT NULL,
  `cj_about` varchar(100) NOT NULL,
  `cj_os` varchar(20) NOT NULL
) ENGINE=MyISAM DEFAULT CHARSET=utf8;

-- ----------------------------
-- Records of cj_config
-- ----------------------------
INSERT INTO `cj_config` VALUES ('石家庄市第十九中学', '', '0', '2011', '2', '高三,高二,高一,初三,初二,初一', '期中,期末,月考一,月考二,月考三,月考四,质检一,质检二,一模,二模,基模', '平均分,参考人数,及格率,及格人数,良好率,良好人数,优秀率,优秀人数,最高分,最优生,最低分,学困生,任课教师', '平均分,及格率,优秀率,任课教师', '0.6,0,0.85', '/', '语文,数学,英语,物理,化学,生物,历史,地理,政治', '一个用于中学学生成绩查询及分析的免费PHP网站程序', 'linux');

-- ----------------------------
-- Table structure for `cj_data`
-- ----------------------------
DROP TABLE IF EXISTS `cj_data`;
CREATE TABLE `cj_data` (
  `id` int(11) NOT NULL AUTO_INCREMENT,
  `年级` varchar(2) NOT NULL,
  `考试` varchar(15) NOT NULL,
  `语文` smallint(4) NOT NULL,
  `数学` smallint(4) NOT NULL,
  `英语` smallint(4) NOT NULL,
  `物理` smallint(4) NOT NULL,
  `化学` smallint(4) NOT NULL,
  `生物` smallint(4) NOT NULL,
  `历史` smallint(4) NOT NULL,
  `地理` smallint(4) NOT NULL,
  `政治` smallint(4) NOT NULL,
  `数据` varchar(12) NOT NULL,
  `上次` varchar(12) NOT NULL,
  `导入` int(1) NOT NULL DEFAULT '0',
  `处理` int(1) NOT NULL DEFAULT '0',
  `现在` int(1) NOT NULL DEFAULT '1',
  `添加` timestamp NOT NULL DEFAULT CURRENT_TIMESTAMP,
  PRIMARY KEY (`id`),
  UNIQUE KEY `id` (`id`)
) ENGINE=MyISAM AUTO_INCREMENT=5 DEFAULT CHARSET=utf8;

-- ----------------------------
-- Records of cj_data
-- ----------------------------
INSERT INTO `cj_data` VALUES ('1', '初一', '期中', '100', '100', '100', '0', '0', '100', '100', '100', '100', 'c2011_1111', '', '1', '0', '0', '2011-11-16 09:48:54');
INSERT INTO `cj_data` VALUES ('2', '初一', '期末', '100', '100', '100', '0', '0', '100', '100', '100', '100', 'c2011_1201', 'c2011_1111', '1', '0', '1', '2012-01-06 13:49:19');
INSERT INTO `cj_data` VALUES ('3', '高三', '一模', '150', '150', '150', '120', '108', '72', '100', '100', '100', 'g2009_1204', '', '1', '0', '0', '2012-04-06 13:55:31');
INSERT INTO `cj_data` VALUES ('4', '高三', '二模', '150', '150', '150', '120', '108', '72', '100', '100', '100', 'g2009_1205', 'g2009_1204', '1', '0', '1', '2012-05-06 13:56:04');

-- ----------------------------
-- Table structure for `cj_news`
-- ----------------------------
DROP TABLE IF EXISTS `cj_news`;
CREATE TABLE `cj_news` (
  `id` int(10) NOT NULL AUTO_INCREMENT,
  `title` varchar(100) NOT NULL,
  `author` varchar(14) NOT NULL DEFAULT 'admin',
  `content` text NOT NULL,
  `posttime` timestamp NOT NULL DEFAULT CURRENT_TIMESTAMP,
  `views` int(10) NOT NULL DEFAULT '0',
  `modi` varchar(3) NOT NULL DEFAULT '0',
  `moditime` timestamp NOT NULL DEFAULT '0000-00-00 00:00:00',
  PRIMARY KEY (`id`)
) ENGINE=MyISAM AUTO_INCREMENT=6 DEFAULT CHARSET=utf8;

-- ----------------------------
-- Records of cj_news
-- ----------------------------
INSERT INTO `cj_news` VALUES ('1', '成绩分析程序后台登录说明', 'admin', '<p>后台登录说明：<br>在主页的右上角有“<a href=admin.php>登录</a>”链接，帐户和密码均为phpcj，强烈建议在登录后修改密码。</p>', '2011-04-18 01:02:15', '2', '0', '2011-04-18 01:02:15');
INSERT INTO `cj_news` VALUES ('2', '初一期中1111成绩已上传！', 'admin', '<p>初一期中1111成绩已上传！请各位老师查询！</p>', '2011-11-16 09:48:54', '0', '0', '0000-00-00 00:00:00');
INSERT INTO `cj_news` VALUES ('3', '初一期末1201成绩已上传！', 'admin', '<p>初一期末1201成绩已上传！请各位老师查询！</p>', '2012-01-16 13:49:19', '0', '0', '0000-00-00 00:00:00');
INSERT INTO `cj_news` VALUES ('4', '高三一模1204成绩已上传！', 'admin', '<p>高三一模1204成绩已上传！请各位老师查询！</p>', '2012-04-06 13:55:31', '0', '0', '0000-00-00 00:00:00');
INSERT INTO `cj_news` VALUES ('5', '高三二模1205成绩已上传！', 'admin', '<p>高三二模1205成绩已上传！请各位老师查询！</p>', '2012-05-06 13:56:05', '2', '0', '0000-00-00 00:00:00');

-- ----------------------------
-- Table structure for `cj_teacher`
-- ----------------------------
DROP TABLE IF EXISTS `cj_teacher`;
CREATE TABLE `cj_teacher` (
  `id` int(10) NOT NULL AUTO_INCREMENT,
  `数据` varchar(20) NOT NULL,
  `班级` varchar(10) NOT NULL,
  `语文` varchar(10) NOT NULL,
  `数学` varchar(10) NOT NULL,
  `英语` varchar(10) NOT NULL,
  `物理` varchar(10) NOT NULL,
  `化学` varchar(10) NOT NULL,
  `生物` varchar(10) NOT NULL,
  `历史` varchar(10) NOT NULL,
  `地理` varchar(10) NOT NULL,
  `政治` varchar(10) NOT NULL,
  `班主任` varchar(20) DEFAULT NULL,
  `现任` tinyint(1) NOT NULL,
  PRIMARY KEY (`id`)
) ENGINE=MyISAM AUTO_INCREMENT=19 DEFAULT CHARSET=utf8;

-- ----------------------------
-- Records of cj_teacher
-- ----------------------------
INSERT INTO `cj_teacher` VALUES ('1', 'g2009', '1', '王老师', '李老师', '赵老师', '孙老师', '张老师', '王老师', '', '', '', '李老师', '1');
INSERT INTO `cj_teacher` VALUES ('2', 'g2009', '2', '王老师', '李老师', '赵老师', '孙老师', '张老师', '王老师', '', '', '', '孙老师', '1');
INSERT INTO `cj_teacher` VALUES ('3', 'c2011', '1', '张老师', '王老师', '赵老师', '', '', '李老师', '孙老师', '张老师', '王老师', '赵老师', '1');
INSERT INTO `cj_teacher` VALUES ('4', 'c2011', '2', '张老师', '周老师', '王老师', '', '', '张老师', '王老师', '孙老师', '李老师', '周老师', '1');
INSERT INTO `cj_teacher` VALUES ('5', 'c2011_1111', '1', '张老师', '王老师', '赵老师', '', '', '李老师', '孙老师', '张老师', '王老师', '赵老师', '0');
INSERT INTO `cj_teacher` VALUES ('6', 'c2011_1111', '2', '张老师', '周老师', '王老师', '', '', '张老师', '王老师', '孙老师', '李老师', '周老师', '0');
INSERT INTO `cj_teacher` VALUES ('7', 'c2011_1201', '1', '张老师', '王老师', '赵老师', '', '', '李老师', '孙老师', '张老师', '王老师', '赵老师', '0');
INSERT INTO `cj_teacher` VALUES ('8', 'c2011_1201', '2', '张老师', '周老师', '王老师', '', '', '张老师', '王老师', '孙老师', '李老师', '周老师', '0');
INSERT INTO `cj_teacher` VALUES ('9', 'g2009', '3', '张老师', '王老师', '赵老师', '', '', '', '孙老师', '钱老师', '吴老师', '张老师', '1');
INSERT INTO `cj_teacher` VALUES ('10', 'g2009', '4', '王老师', '赵老师', '李老师', '', '', '', '宋老师', '张老师', '吴老师', '吴老师', '1');
INSERT INTO `cj_teacher` VALUES ('11', 'g2009_1204', '1', '王老师', '李老师', '赵老师', '孙老师', '张老师', '王老师', '', '', '', '李老师', '0');
INSERT INTO `cj_teacher` VALUES ('12', 'g2009_1204', '2', '王老师', '李老师', '赵老师', '孙老师', '张老师', '王老师', '', '', '', '孙老师', '0');
INSERT INTO `cj_teacher` VALUES ('13', 'g2009_1204', '3', '张老师', '王老师', '赵老师', '', '', '', '孙老师', '钱老师', '吴老师', '张老师', '0');
INSERT INTO `cj_teacher` VALUES ('14', 'g2009_1204', '4', '王老师', '赵老师', '李老师', '', '', '', '宋老师', '张老师', '吴老师', '吴老师', '0');
INSERT INTO `cj_teacher` VALUES ('15', 'g2009_1205', '1', '王老师', '李老师', '赵老师', '孙老师', '张老师', '王老师', '', '', '', '李老师', '0');
INSERT INTO `cj_teacher` VALUES ('16', 'g2009_1205', '2', '王老师', '李老师', '赵老师', '孙老师', '张老师', '王老师', '', '', '', '孙老师', '0');
INSERT INTO `cj_teacher` VALUES ('17', 'g2009_1205', '3', '张老师', '王老师', '赵老师', '', '', '', '孙老师', '钱老师', '吴老师', '张老师', '0');
INSERT INTO `cj_teacher` VALUES ('18', 'g2009_1205', '4', '王老师', '赵老师', '李老师', '', '', '', '宋老师', '张老师', '吴老师', '吴老师', '0');

-- ----------------------------
-- Table structure for `cj_user`
-- ----------------------------
DROP TABLE IF EXISTS `cj_user`;
CREATE TABLE `cj_user` (
  `id` int(10) NOT NULL AUTO_INCREMENT,
  `username` varchar(20) NOT NULL,
  `realname` varchar(10) NOT NULL,
  `password` varchar(32) NOT NULL,
  `regtime` timestamp NOT NULL DEFAULT CURRENT_TIMESTAMP,
  `cjgrade` varchar(5) NOT NULL DEFAULT '0',
  `usercheck` varchar(1) NOT NULL,
  PRIMARY KEY (`id`)
) ENGINE=MyISAM AUTO_INCREMENT=3 DEFAULT CHARSET=utf8;

-- ----------------------------
-- Records of cj_user
-- ----------------------------
INSERT INTO `cj_user` VALUES ('1', 'phpcj', '', '6f6abbfe1f4ef9d2324b83fdaffbabf1', '2010-06-14 21:15:35', '9', '2');
INSERT INTO `cj_user` VALUES ('2', 'teacher', '测试教师', '6f6abbfe1f4ef9d2324b83fdaffbabf1', '2010-07-07 00:15:35', '1', '2');

-- ----------------------------
-- Table structure for `g2009_1204`
-- ----------------------------
DROP TABLE IF EXISTS `g2009_1204`;
CREATE TABLE `g2009_1204` (
  `年名` int(3) DEFAULT NULL,
  `班名` int(3) DEFAULT NULL,
  `姓名` varchar(8) NOT NULL,
  `班级` varchar(5) NOT NULL,
  `类别` varchar(5) NOT NULL,
  `语文` float DEFAULT NULL,
  `语排` int(3) DEFAULT NULL,
  `语序` int(3) DEFAULT NULL,
  `数学` float DEFAULT NULL,
  `数排` int(3) DEFAULT NULL,
  `数序` int(3) DEFAULT NULL,
  `英语` float DEFAULT NULL,
  `英排` int(3) DEFAULT NULL,
  `英序` int(3) DEFAULT NULL,
  `物理` float DEFAULT NULL,
  `物排` int(3) DEFAULT NULL,
  `物序` int(3) DEFAULT NULL,
  `化学` float DEFAULT NULL,
  `化排` int(3) DEFAULT NULL,
  `化序` int(3) DEFAULT NULL,
  `生物` float DEFAULT NULL,
  `生排` int(3) DEFAULT NULL,
  `生序` int(3) DEFAULT NULL,
  `历史` float DEFAULT NULL,
  `历排` int(3) DEFAULT NULL,
  `历序` int(3) DEFAULT NULL,
  `地理` float DEFAULT NULL,
  `地排` int(3) DEFAULT NULL,
  `地序` int(3) DEFAULT NULL,
  `政治` float DEFAULT NULL,
  `政排` int(3) DEFAULT NULL,
  `政序` int(3) DEFAULT NULL,
  `总分` float DEFAULT NULL
) ENGINE=MyISAM DEFAULT CHARSET=utf8;

-- ----------------------------
-- Records of g2009_1204
-- ----------------------------
INSERT INTO `g2009_1204` VALUES ('1', '1', '王苗苗', '3', '文', '107', '1', '1', '107', '1', '1', '124.5', '2', '1', '0', '0', '0', '0', '0', '0', '0', '0', '0', '70', '1', '1', '62', '8', '5', '72', '2', '2', '542.5');
INSERT INTO `g2009_1204` VALUES ('2', '2', '冯程', '3', '文', '96', '9', '5', '92', '2', '2', '110.5', '8', '5', '0', '0', '0', '0', '0', '0', '0', '0', '0', '66', '3', '2', '74', '1', '1', '60', '8', '5', '498.5');
INSERT INTO `g2009_1204` VALUES ('3', '1', '王爱平', '4', '文', '97', '8', '4', '89', '3', '1', '107.5', '10', '4', '0', '0', '0', '0', '0', '0', '0', '0', '0', '64', '5', '2', '72', '2', '1', '68', '3', '1', '497.5');
INSERT INTO `g2009_1204` VALUES ('4', '3', '赵珂', '3', '文', '100', '7', '4', '79', '5', '4', '117', '3', '2', '0', '0', '0', '0', '0', '0', '0', '0', '0', '52', '10', '6', '72', '2', '2', '75', '1', '1', '495');
INSERT INTO `g2009_1204` VALUES ('5', '2', '李祥', '4', '文', '103', '6', '3', '74', '8', '3', '116', '4', '2', '0', '0', '0', '0', '0', '0', '0', '0', '0', '68', '2', '1', '63', '6', '2', '64', '6', '2', '488');
INSERT INTO `g2009_1204` VALUES ('6', '4', '贾森', '3', '文', '106', '3', '3', '79', '5', '4', '114.5', '6', '3', '0', '0', '0', '0', '0', '0', '0', '0', '0', '62', '6', '4', '60', '9', '6', '65', '5', '4', '486.5');
INSERT INTO `g2009_1204` VALUES ('7', '3', '张帆', '4', '文', '104', '5', '2', '67', '9', '4', '126', '1', '1', '0', '0', '0', '0', '0', '0', '0', '0', '0', '60', '7', '3', '63', '6', '2', '59', '10', '4', '479');
INSERT INTO `g2009_1204` VALUES ('8', '5', '杨柳', '3', '文', '93', '10', '6', '81', '4', '3', '110.5', '8', '5', '0', '0', '0', '0', '0', '0', '0', '0', '0', '58', '8', '5', '66', '4', '3', '67', '4', '3', '475.5');
INSERT INTO `g2009_1204` VALUES ('9', '6', '赵子惠', '3', '文', '107', '1', '1', '65', '10', '6', '112.5', '7', '4', '0', '0', '0', '0', '0', '0', '0', '0', '0', '66', '3', '2', '64', '5', '4', '60', '8', '5', '474.5');
INSERT INTO `g2009_1204` VALUES ('9', '4', '王佳辉', '4', '文', '105', '4', '1', '77', '7', '2', '115.5', '5', '3', '0', '0', '0', '0', '0', '0', '0', '0', '0', '58', '8', '4', '58', '10', '4', '61', '7', '3', '474.5');
INSERT INTO `g2009_1204` VALUES ('1', '1', '赵鹏', '1', '理', '107', '2', '1', '105', '2', '2', '127.5', '1', '1', '112', '1', '1', '96', '1', '1', '56', '1', '1', '0', '0', '0', '0', '0', '0', '0', '0', '0', '603.5');
INSERT INTO `g2009_1204` VALUES ('2', '2', '刘哲', '1', '理', '101', '6', '4', '105', '2', '2', '109.5', '6', '4', '89', '3', '3', '81', '5', '4', '45', '5', '4', '0', '0', '0', '0', '0', '0', '0', '0', '0', '530.5');
INSERT INTO `g2009_1204` VALUES ('3', '3', '宋飞', '1', '理', '106', '3', '2', '83', '6', '5', '91', '9', '5', '90', '2', '2', '87', '4', '3', '55', '2', '2', '0', '0', '0', '0', '0', '0', '0', '0', '0', '512');
INSERT INTO `g2009_1204` VALUES ('4', '1', '张波', '2', '理', '98', '7', '3', '78', '8', '3', '119', '2', '1', '76', '9', '4', '81', '5', '2', '51', '3', '1', '0', '0', '0', '0', '0', '0', '0', '0', '0', '503');
INSERT INTO `g2009_1204` VALUES ('5', '4', '郭云雅', '1', '理', '102', '5', '3', '78', '8', '6', '117.5', '3', '2', '72', '10', '6', '90', '2', '2', '42', '6', '5', '0', '0', '0', '0', '0', '0', '0', '0', '0', '501.5');
INSERT INTO `g2009_1204` VALUES ('6', '2', '李栋', '2', '理', '112', '1', '1', '83', '6', '2', '115.5', '4', '2', '78', '8', '3', '76', '9', '4', '36', '9', '3', '0', '0', '0', '0', '0', '0', '0', '0', '0', '500.5');
INSERT INTO `g2009_1204` VALUES ('7', '5', '郝李桐', '1', '理', '95', '8', '5', '114', '1', '1', '80', '10', '6', '86', '5', '4', '80', '7', '5', '42', '6', '5', '0', '0', '0', '0', '0', '0', '0', '0', '0', '497');
INSERT INTO `g2009_1204` VALUES ('8', '3', '王润泉', '2', '理', '106', '3', '2', '72', '10', '4', '101.5', '8', '4', '89', '3', '1', '88', '3', '1', '38', '8', '2', '0', '0', '0', '0', '0', '0', '0', '0', '0', '494.5');
INSERT INTO `g2009_1204` VALUES ('9', '6', '杨嘉泰', '1', '理', '93', '9', '6', '86', '5', '4', '110.5', '5', '3', '81', '7', '5', '70', '10', '6', '49', '4', '3', '0', '0', '0', '0', '0', '0', '0', '0', '0', '489.5');
INSERT INTO `g2009_1204` VALUES ('10', '4', '李晓娜', '2', '理', '86', '10', '4', '96', '4', '1', '107.5', '7', '3', '84', '6', '2', '80', '7', '3', '34', '10', '4', '0', '0', '0', '0', '0', '0', '0', '0', '0', '487.5');

-- ----------------------------
-- Table structure for `g2009_1205`
-- ----------------------------
DROP TABLE IF EXISTS `g2009_1205`;
CREATE TABLE `g2009_1205` (
  `年名` int(3) DEFAULT NULL,
  `年变` int(3) NOT NULL,
  `班名` int(3) DEFAULT NULL,
  `班变` int(3) NOT NULL,
  `姓名` varchar(8) NOT NULL,
  `班级` varchar(5) NOT NULL,
  `类别` varchar(5) NOT NULL,
  `语文` float DEFAULT NULL,
  `语排` int(3) DEFAULT NULL,
  `语序` int(3) DEFAULT NULL,
  `数学` float DEFAULT NULL,
  `数排` int(3) DEFAULT NULL,
  `数序` int(3) DEFAULT NULL,
  `英语` float DEFAULT NULL,
  `英排` int(3) DEFAULT NULL,
  `英序` int(3) DEFAULT NULL,
  `物理` float DEFAULT NULL,
  `物排` int(3) DEFAULT NULL,
  `物序` int(3) DEFAULT NULL,
  `化学` float DEFAULT NULL,
  `化排` int(3) DEFAULT NULL,
  `化序` int(3) DEFAULT NULL,
  `生物` float DEFAULT NULL,
  `生排` int(3) DEFAULT NULL,
  `生序` int(3) DEFAULT NULL,
  `历史` float DEFAULT NULL,
  `历排` int(3) DEFAULT NULL,
  `历序` int(3) DEFAULT NULL,
  `地理` float DEFAULT NULL,
  `地排` int(3) DEFAULT NULL,
  `地序` int(3) DEFAULT NULL,
  `政治` float DEFAULT NULL,
  `政排` int(3) DEFAULT NULL,
  `政序` int(3) DEFAULT NULL,
  `总分` float DEFAULT NULL
) ENGINE=MyISAM DEFAULT CHARSET=utf8;

-- ----------------------------
-- Records of g2009_1205
-- ----------------------------
INSERT INTO `g2009_1205` VALUES ('1', '2', '1', '0', '王爱平', '4', '文', '99', '4', '2', '118', '2', '2', '132.5', '1', '1', '0', '0', '0', '0', '0', '0', '0', '0', '0', '82', '1', '1', '59', '6', '3', '69', '4', '2', '559.5');
INSERT INTO `g2009_1205` VALUES ('2', '4', '1', '3', '贾森', '3', '文', '94', '7', '4', '105', '7', '4', '118', '5', '4', '0', '0', '0', '0', '0', '0', '0', '0', '0', '80', '3', '1', '57', '7', '4', '75', '2', '1', '529');
INSERT INTO `g2009_1205` VALUES ('3', '1', '2', '1', '赵珂', '3', '文', '100', '3', '2', '95', '10', '6', '124', '2', '1', '0', '0', '0', '0', '0', '0', '0', '0', '0', '80', '3', '1', '63', '4', '2', '66', '7', '3', '528');
INSERT INTO `g2009_1205` VALUES ('4', '1', '2', '0', '李祥', '4', '文', '87', '10', '4', '99', '9', '4', '108', '9', '3', '0', '0', '0', '0', '0', '0', '0', '0', '0', '82', '1', '1', '67', '1', '1', '80', '1', '1', '523');
INSERT INTO `g2009_1205` VALUES ('4', '3', '2', '1', '张帆', '4', '文', '98', '5', '3', '123', '1', '1', '113', '6', '2', '0', '0', '0', '0', '0', '0', '0', '0', '0', '76', '6', '3', '44', '10', '4', '69', '4', '2', '523');
INSERT INTO `g2009_1205` VALUES ('6', '2', '3', '2', '杨柳', '3', '文', '88', '9', '6', '109', '4', '1', '112', '8', '6', '0', '0', '0', '0', '0', '0', '0', '0', '0', '68', '10', '6', '66', '2', '1', '74', '3', '2', '517');
INSERT INTO `g2009_1205` VALUES ('7', '2', '4', '2', '赵子惠', '3', '文', '98', '5', '3', '106', '6', '3', '112.5', '7', '5', '0', '0', '0', '0', '0', '0', '0', '0', '0', '80', '3', '1', '60', '5', '3', '59', '8', '4', '515.5');
INSERT INTO `g2009_1205` VALUES ('8', '1', '4', '0', '王佳辉', '4', '文', '104', '2', '1', '113', '3', '3', '85.5', '10', '4', '0', '0', '0', '0', '0', '0', '0', '0', '0', '76', '6', '3', '64', '3', '2', '67', '6', '4', '509.5');
INSERT INTO `g2009_1205` VALUES ('9', '-8', '5', '-4', '王苗苗', '3', '文', '106', '1', '1', '101', '8', '5', '119', '4', '3', '0', '0', '0', '0', '0', '0', '0', '0', '0', '72', '9', '5', '56', '8', '5', '55', '10', '6', '509');
INSERT INTO `g2009_1205` VALUES ('10', '-8', '6', '-4', '冯程', '3', '文', '94', '7', '4', '108', '5', '2', '124', '2', '1', '0', '0', '0', '0', '0', '0', '0', '0', '0', '74', '8', '4', '45', '9', '6', '56', '9', '5', '501');
INSERT INTO `g2009_1205` VALUES ('1', '0', '1', '0', '赵鹏', '1', '理', '105', '2', '1', '123', '1', '1', '123', '1', '1', '85', '1', '1', '96', '2', '2', '71', '1', '1', '0', '0', '0', '0', '0', '0', '0', '0', '0', '603');
INSERT INTO `g2009_1205` VALUES ('2', '8', '1', '3', '李晓娜', '2', '理', '105', '2', '2', '115', '3', '1', '118.5', '2', '1', '78', '3', '2', '79', '8', '3', '50', '10', '4', '0', '0', '0', '0', '0', '0', '0', '0', '0', '545.5');
INSERT INTO `g2009_1205` VALUES ('3', '-1', '2', '0', '刘哲', '1', '理', '103', '4', '2', '111', '6', '4', '117.5', '4', '3', '56', '9', '5', '80', '7', '5', '55', '5', '3', '0', '0', '0', '0', '0', '0', '0', '0', '0', '522.5');
INSERT INTO `g2009_1205` VALUES ('4', '-1', '3', '0', '宋飞', '1', '理', '96', '6', '4', '107', '7', '5', '108.5', '7', '5', '68', '5', '2', '79', '8', '6', '62', '4', '2', '0', '0', '0', '0', '0', '0', '0', '0', '0', '520.5');
INSERT INTO `g2009_1205` VALUES ('5', '-1', '2', '-1', '张波', '2', '理', '85', '9', '4', '100', '8', '3', '113', '6', '2', '72', '4', '3', '86', '4', '1', '64', '3', '2', '0', '0', '0', '0', '0', '0', '0', '0', '0', '520');
INSERT INTO `g2009_1205` VALUES ('5', '0', '4', '0', '郭云雅', '1', '理', '81', '10', '6', '113', '5', '3', '118', '3', '2', '55', '10', '6', '102', '1', '1', '51', '8', '5', '0', '0', '0', '0', '0', '0', '0', '0', '0', '520');
INSERT INTO `g2009_1205` VALUES ('7', '2', '5', '1', '杨嘉泰', '1', '理', '96', '6', '4', '117', '2', '2', '102.5', '8', '6', '66', '6', '3', '85', '5', '4', '51', '8', '5', '0', '0', '0', '0', '0', '0', '0', '0', '0', '517.5');
INSERT INTO `g2009_1205` VALUES ('8', '-2', '3', '-1', '李栋', '2', '理', '110', '1', '1', '96', '9', '4', '84.5', '10', '4', '82', '2', '1', '74', '10', '4', '70', '2', '1', '0', '0', '0', '0', '0', '0', '0', '0', '0', '516.5');
INSERT INTO `g2009_1205` VALUES ('9', '-2', '6', '-1', '郝李桐', '1', '理', '100', '5', '3', '92', '10', '6', '117', '5', '4', '65', '7', '4', '88', '3', '3', '54', '6', '4', '0', '0', '0', '0', '0', '0', '0', '0', '0', '516');
INSERT INTO `g2009_1205` VALUES ('10', '-2', '4', '-1', '王润泉', '2', '理', '90', '8', '3', '115', '3', '1', '101.5', '9', '3', '64', '8', '4', '83', '6', '2', '52', '7', '3', '0', '0', '0', '0', '0', '0', '0', '0', '0', '505.5');
